PROMOTIONID,DOMAINNAMEID,EXPIREDATE
606753,3463,2022-03-13 23:59:59.000 Z
606791,1872,2022-03-12 23:59:59.000 Z
607013,1909,
606249,31520,2022-03-06 23:59:59.000 Z
606816,1872,
606924,3062,2022-03-15 23:59:59.000 Z
607015,1909,
606752,2363,2022-03-13 23:59:59.000 Z
606871,3995,2022-03-17 23:59:59.000 Z
605187,418341,2022-03-08 23:59:00.000 Z
605466,418341,2022-03-15 23:59:59.000 Z
606943,135885,2022-03-20 23:59:59.000 Z
606877,4058,
606527,184786,2022-03-13 23:59:59.000 Z
606566,354199,2022-03-09 23:59:59.000 Z
606656,370480,2022-03-30 23:59:59.000 Z
606703,5801,
605469,2365,
607003,2527,2022-03-12 23:59:59.000 Z
606842,1872,2022-03-12 23:59:59.000 Z
606998,384530,2022-04-18 23:59:59.000 Z
606946,10865,2022-03-08 23:59:59.000 Z
606928,6997,2022-03-09 23:59:59.000 Z
606064,7136,
606719,2931,2022-03-31 23:59:59.000 Z
606800,2001,2022-03-14 23:59:59.000 Z
606803,28436,2022-03-10 23:59:59.000 Z
606619,2494,2022-04-17 23:59:59.000 Z
606889,86595,2022-12-31 23:59:59.000 Z
606875,2497,2022-03-20 23:59:59.000 Z
607025,27365,2022-03-19 23:59:59.000 Z
606932,140209,2022-04-03 23:59:59.000 Z
606945,2476,2022-04-02 23:59:59.000 Z
606795,1872,2022-03-12 23:59:59.000 Z
606809,71184,2022-03-08 23:59:59.000 Z
607009,113920,2022-03-09 23:59:59.000 Z
606890,375527,2022-12-31 23:59:59.000 Z
606328,99487,2022-03-31 23:59:59.000 Z
606775,8254,2022-03-12 23:59:59.000 Z
605404,11497,2022-12-31 23:59:59.000 Z
606466,3426,2022-03-31 23:59:59.000 Z
606516,298089,2022-03-15 23:59:59.000 Z
606954,62800,
606806,376245,2022-03-10 23:59:59.000 Z
606780,3566,2022-03-08 23:59:59.000 Z
606885,384530,2022-04-18 23:59:59.000 Z
606859,435788,2022-03-12 23:59:59.000 Z
606915,34143,2022-03-15 23:59:59.000 Z
606712,2297,2022-04-04 23:59:59.000 Z
606344,111214,2022-04-18 23:59:59.000 Z
606782,201596,2022-03-08 23:59:59.000 Z
607016,1909,2022-03-13 23:59:59.000 Z
607023,109281,2022-04-01 23:59:59.000 Z
606901,79895,
606777,162000,2022-03-12 23:59:59.000 Z
606961,2574,2022-03-12 23:59:59.000 Z
606937,25531,2022-03-31 23:59:59.000 Z
606960,466166,
606878,324581,2022-03-09 23:59:59.000 Z
606888,184674,2022-04-30 23:59:59.000 Z
607005,13870,2022-03-08 23:59:59.000 Z
606895,9176,2022-03-08 23:59:59.000 Z
606868,25531,2022-03-31 23:59:59.000 Z
607012,291912,2022-06-29 23:59:59.000 Z
606869,2523,2022-03-20 23:59:59.000 Z
606923,24752,2022-04-01 23:59:59.000 Z
606356,2834,2022-04-18 23:59:59.000 Z
606607,439837,2022-12-31 23:59:59.000 Z
607020,3513,2022-03-15 23:59:59.000 Z
606110,471009,2022-03-07 23:59:59.000 Z
606505,2510,2022-03-07 23:59:59.000 Z
606788,30437,2022-03-31 23:59:59.000 Z
607010,277076,2022-03-11 23:59:59.000 Z
606990,2455,2022-03-09 23:59:59.000 Z
606822,42690,2022-03-09 23:59:59.000 Z
606776,2014,2022-03-13 23:59:59.000 Z
606941,140266,2022-03-13 23:59:59.000 Z
605772,424912,2022-12-31 23:59:59.000 Z
606958,472508,2022-03-11 23:59:59.000 Z
606881,2453,2022-03-13 23:59:59.000 Z
606892,440223,2022-03-22 23:59:59.000 Z
606897,135885,2022-03-20 23:59:59.000 Z
606927,376676,2022-03-10 23:59:59.000 Z
606879,394717,2022-03-27 23:59:59.000 Z
606994,376595,
606916,445573,2022-03-11 23:59:59.000 Z
606769,2437,2022-03-07 23:59:59.000 Z
606829,140943,2022-04-03 23:59:59.000 Z
606771,33398,2022-03-12 23:59:59.000 Z
605460,9423,2022-12-31 23:59:59.000 Z
606952,6997,2022-03-09 23:59:59.000 Z
606764,54241,2022-04-03 23:59:59.000 Z
606992,191613,2022-03-09 23:59:59.000 Z
604996,2554,2022-12-31 23:59:59.000 Z
606959,3568,2022-03-09 23:59:59.000 Z
606921,193537,2022-12-26 23:59:59.000 Z
606770,3755,2022-03-07 23:59:59.000 Z
606278,11480,2022-12-31 23:59:59.000 Z
605563,171954,2022-04-30 23:59:59.000 Z
606872,51960,2022-03-09 23:59:59.000 Z
606926,185295,2022-03-12 23:59:59.000 Z
606783,56383,
606918,32581,2022-03-08 23:59:59.000 Z
606756,3063,2022-03-12 23:59:59.000 Z
606920,70992,2022-03-13 23:59:59.000 Z
606870,454689,2022-03-07 23:59:59.000 Z
606810,42300,2022-03-15 23:59:59.000 Z
606797,11338,2022-03-13 23:59:59.000 Z
606914,177458,2022-03-15 23:59:59.000 Z
606768,2232,2022-03-07 23:59:59.000 Z
606939,376135,2022-03-09 23:59:59.000 Z
606919,376316,2022-03-09 23:59:59.000 Z
606917,413176,2022-03-17 23:59:59.000 Z
606947,153389,2022-03-10 23:59:59.000 Z
606991,448277,2022-04-01 23:59:59.000 Z
606293,2492,2022-03-31 23:59:59.000 Z
607024,10865,2022-03-14 23:59:59.000 Z
606873,381476,2022-03-07 23:59:59.000 Z
607004,166666,2022-03-31 23:59:59.000 Z
606072,53839,2022-03-09 23:59:59.000 Z
607018,450882,
606936,1733,2022-03-09 23:59:59.000 Z
606700,477046,2022-04-23 23:59:59.000 Z
606793,1872,2022-03-12 23:59:59.000 Z
607017,3062,2022-03-15 23:59:59.000 Z
606893,4274,2022-03-12 23:59:59.000 Z
606045,130933,2022-03-24 23:59:59.000 Z
606796,3479,2022-03-13 23:59:59.000 Z
605953,132485,2022-03-13 23:59:59.000 Z
606989,405471,2022-03-13 23:59:59.000 Z
606789,2978,2022-03-11 23:59:59.000 Z
606710,2297,2022-04-04 23:59:59.000 Z
606474,21431,2022-03-31 23:59:59.000 Z
606733,101915,2022-03-17 23:59:59.000 Z
606858,463018,2022-03-14 23:59:59.000 Z
606896,361534,2022-03-20 23:59:59.000 Z
606887,439811,2022-04-01 23:59:59.000 Z
606903,445207,2022-08-01 23:59:59.000 Z
606866,440356,2022-03-10 23:59:59.000 Z
606268,134202,2022-03-21 23:59:59.000 Z
606957,80142,2022-03-08 23:59:59.000 Z
606884,11395,2022-03-13 23:59:59.000 Z
606948,5906,2022-03-10 23:59:59.000 Z
606860,2528,2022-03-22 23:59:59.000 Z
606634,29803,2022-03-08 23:59:59.000 Z
607022,25695,2022-03-17 23:59:59.000 Z
606707,172095,2022-04-01 23:59:59.000 Z
606248,386026,2022-03-21 23:59:59.000 Z
606105,6192,2022-04-02 23:59:59.000 Z
605213,2539,2022-12-31 23:59:59.000 Z
606813,3338,2022-03-10 23:59:59.000 Z
606612,146206,2022-03-13 23:59:59.000 Z
606748,494915,2022-03-10 23:59:59.000 Z
606817,64337,2022-03-10 23:59:59.000 Z
606909,55623,2022-04-01 23:59:59.000 Z
605283,3706,2022-04-30 23:59:59.000 Z
606501,12339,2022-03-15 23:59:59.000 Z
606865,376711,2022-03-31 23:59:59.000 Z
606880,2826,2022-03-08 23:59:59.000 Z
606815,442373,
606938,435756,2022-03-14 23:59:59.000 Z
606922,376721,2022-03-12 23:59:59.000 Z
606804,4433,2022-03-09 23:59:59.000 Z
606942,376157,2022-03-12 23:59:59.000 Z
606963,30482,2022-04-08 23:59:59.000 Z
605966,51598,2022-03-31 23:59:59.000 Z
606767,372078,2022-03-07 23:59:59.000 Z
607006,154646,2022-03-20 23:59:59.000 Z
606128,375587,2022-03-13 23:59:59.000 Z
607008,446245,2022-03-14 23:59:59.000 Z
607014,4058,2022-03-24 23:59:59.000 Z
606855,33467,2022-03-08 23:59:59.000 Z
606114,2467,2022-03-10 23:59:59.000 Z
605945,436778,2022-03-31 23:59:59.000 Z
606886,324260,2022-05-31 23:59:59.000 Z
606805,70216,2022-03-10 23:59:59.000 Z
606608,481093,2022-12-31 23:59:59.000 Z
606604,480512,2022-12-31 23:59:59.000 Z
605189,418341,2022-04-14 23:59:00.000 Z
607002,26240,2022-03-14 23:59:59.000 Z
606325,2500,2022-04-18 23:59:59.000 Z
606867,47766,
606934,400511,2022-03-09 23:59:59.000 Z
606953,2434,2022-03-09 23:59:59.000 Z
607019,354199,2022-03-17 23:59:59.000 Z
607007,386340,2022-06-29 23:59:59.000 Z
607021,439779,2022-03-16 23:59:59.000 Z
606949,386180,2022-04-01 23:59:59.000 Z
606792,2527,2022-03-12 23:59:59.000 Z
604958,393896,2022-02-20 23:59:59.000 Z
605435,2365,2022-02-19 23:59:59.000 Z
605185,2508,2022-02-19 23:59:59.000 Z
606997,13870,2022-03-31 23:59:59.000 Z
605272,403118,2022-03-31 23:59:59.000 Z
607000,3062,
606774,3755,2022-03-07 23:59:59.000 Z
605865,424912,2022-12-31 23:59:59.000 Z
606981,30482,
606967,30482,
606811,113920,2022-03-13 23:59:59.000 Z
606275,363080,2022-12-30 23:59:59.000 Z
606974,30482,
606993,30482,
606097,277076,2022-03-12 23:59:59.000 Z
606944,1909,2022-03-09 23:59:59.000 Z
606931,1872,
606378,4058,2022-03-08 23:59:59.000 Z
605392,1961,
607011,1909,2022-03-13 23:59:59.000 Z
606343,4500,2022-03-31 23:59:59.000 Z
606956,204170,
606397,437128,2022-04-01 23:59:59.000 Z
606747,4111,
606745,302700,
606165,54241,2022-03-30 23:59:59.000 Z
606546,453400,2022-03-03 23:59:59.000 Z
606545,51992,2022-03-31 23:59:59.000 Z
606755,2001,2022-03-12 23:59:59.000 Z
606551,336593,2022-04-03 23:59:59.000 Z
606548,3755,2022-04-01 23:59:59.000 Z
606544,2257,2022-03-08 23:59:59.000 Z
606626,442051,2022-03-06 23:59:59.000 Z
605996,393896,2022-03-13 23:59:59.000 Z
606553,439034,2022-03-08 23:59:59.000 Z
606742,30482,2022-03-08 23:59:59.000 Z
606552,7766,2022-03-09 23:59:59.000 Z
606725,61427,
606555,57424,2022-06-30 23:59:59.000 Z
605975,375416,2022-03-20 23:59:59.000 Z
606556,204040,
606730,65653,
606558,153389,2022-03-06 23:59:59.000 Z
605829,2527,2022-03-12 23:59:59.000 Z
606657,24752,
606722,375587,
606559,289791,2022-03-28 23:59:59.000 Z
606570,413176,2022-03-07 23:59:59.000 Z
606575,130914,2022-03-08 23:59:59.000 Z
606217,8254,2022-03-05 23:59:59.000 Z
606219,162000,2022-03-05 23:59:59.000 Z
606564,379575,2022-03-31 23:59:59.000 Z
606589,8224,2022-05-31 23:59:59.000 Z
606569,97327,
606642,370480,2022-03-08 23:59:59.000 Z
606772,8254,2022-03-12 23:59:59.000 Z
606583,54308,2022-03-15 23:59:59.000 Z
606584,4964,2022-03-18 23:59:59.000 Z
606498,2944,2022-03-10 23:59:59.000 Z
606499,46444,2022-04-01 23:59:59.000 Z
606723,170351,2022-03-05 23:59:59.000 Z
606503,484013,2022-03-31 23:59:59.000 Z
606500,376291,2022-03-31 23:59:59.000 Z
606163,27664,
606170,375572,
606746,302700,
606476,210558,2022-04-01 23:59:59.000 Z
606744,302700,
606480,216540,2022-03-18 23:59:59.000 Z
606478,116263,2022-03-31 23:59:59.000 Z
605508,2343,2022-03-02 23:59:59.000 Z
606481,183615,2022-03-31 23:59:59.000 Z
606415,377634,2022-03-08 23:59:59.000 Z
606423,1872,2022-03-26 23:59:59.000 Z
606408,184896,2022-03-18 23:59:59.000 Z
606628,56754,2022-03-11 23:59:59.000 Z
606640,3568,2022-03-11 23:59:59.000 Z
606549,20193,2022-03-09 23:59:59.000 Z
606426,6997,2022-03-03 23:59:59.000 Z
605043,101915,2022-12-31 23:59:59.000 Z
606428,65653,2022-03-31 23:59:59.000 Z
606425,2685,2022-03-31 23:59:59.000 Z
606427,3777,2022-03-28 23:59:59.000 Z
606430,8942,2022-03-13 23:59:59.000 Z
606429,32780,2022-03-13 23:59:59.000 Z
606446,105816,2022-03-04 23:59:59.000 Z
606528,11565,2022-03-03 23:59:59.000 Z
606606,184786,2022-03-13 23:59:59.000 Z
606632,2001,2022-03-07 23:59:59.000 Z
606701,30482,2022-03-05 23:59:59.000 Z
606445,9054,2022-03-04 23:59:59.000 Z
606471,17180,2022-03-31 23:59:59.000 Z
606475,2186,2022-03-17 23:59:59.000 Z
606484,289692,2022-04-04 23:59:59.000 Z
606061,445207,2022-04-01 23:59:59.000 Z
606477,163233,2022-04-30 23:59:59.000 Z
605257,11480,2022-12-31 23:59:59.000 Z
606489,382281,2022-04-14 23:59:59.000 Z
606292,8060,2022-03-04 23:59:59.000 Z
606497,375901,2022-06-30 23:59:59.000 Z
606457,7653,2022-03-08 23:59:59.000 Z
606462,202083,2022-03-22 23:59:59.000 Z
606463,393895,2022-03-28 23:59:59.000 Z
606456,2343,2022-03-09 23:59:59.000 Z
606467,437206,2022-03-08 23:59:59.000 Z
606724,1909,2022-03-06 23:59:59.000 Z
606436,30482,
606431,505942,
606211,5801,2022-03-06 23:59:59.000 Z
606441,464753,2022-03-31 23:59:59.000 Z
606434,505942,
606433,505942,
606213,3568,2022-03-12 23:59:59.000 Z
606438,505942,
606432,505942,
606435,505942,
606437,505942,
606224,153389,2022-03-02 23:59:59.000 Z
606229,140209,2022-02-26 23:59:59.000 Z
606236,140209,2022-02-26 23:59:59.000 Z
605786,479435,2022-03-01 23:59:59.000 Z
606231,1872,2022-03-05 23:59:59.000 Z
606175,1909,2022-02-27 23:59:59.000 Z
606126,201596,2022-02-27 23:59:59.000 Z
606125,375518,2022-02-27 23:59:59.000 Z
606191,8037,2022-03-03 23:59:59.000 Z
606192,314417,2022-02-28 23:59:59.000 Z
606178,59497,2023-02-25 23:59:59.000 Z
606196,22413,2022-03-08 23:59:59.000 Z
606190,36108,2022-02-28 23:59:59.000 Z
606300,2685,2022-03-31 23:59:59.000 Z
605751,184786,2022-03-02 23:59:59.000 Z
606195,457531,2022-02-27 23:59:59.000 Z
606198,167844,2022-06-30 23:59:59.000 Z
606295,1909,2022-03-01 23:59:59.000 Z
606199,1729,2022-03-06 23:59:59.000 Z
605943,61922,2022-02-27 23:59:59.000 Z
606297,30032,2022-03-06 23:59:59.000 Z
606315,1909,
606312,1909,
604962,375587,2022-03-06 23:59:59.000 Z
606443,443420,
606447,443420,
606442,464753,
605123,2343,2022-03-09 23:59:59.000 Z
606444,443420,
606214,445573,2022-02-28 23:59:59.000 Z
606264,2494,2022-04-30 23:59:59.000 Z
605776,24316,2022-03-04 23:59:59.000 Z
605079,437206,2022-02-16 23:59:59.000 Z
605011,287898,2022-02-28 23:59:59.000 Z
605014,18292,2022-03-29 23:59:59.000 Z
605236,447314,
605238,447314,2022-02-14 23:59:59.000 Z
605235,447314,
605007,51498,2022-02-19 23:59:59.000 Z
605165,376079,2022-02-14 23:59:59.000 Z
605151,30482,2022-02-13 23:59:59.000 Z
605147,2523,2022-02-13 23:59:59.000 Z
605233,87917,2022-02-17 23:59:59.000 Z
605234,87917,2022-02-17 23:59:59.000 Z
605001,1872,2022-02-15 23:59:59.000 Z
605886,3032,2022-02-22 23:59:59.000 Z
605603,3379,2022-02-25 23:59:59.000 Z
605743,391310,2022-02-21 23:59:59.000 Z
605057,153389,2022-02-13 23:59:59.000 Z
604942,1872,2022-02-12 23:59:59.000 Z
606235,153389,2022-03-13 23:59:59.000 Z
606801,1872,2022-03-12 23:59:59.000 Z
606794,1909,2022-03-12 23:59:59.000 Z
606790,113920,2022-03-07 23:59:59.000 Z
606629,56754,2022-03-11 23:59:59.000 Z
605758,445664,2022-02-18 23:59:59.000 Z
605864,2016,2022-02-21 23:59:59.000 Z
605738,375587,2022-02-21 23:59:59.000 Z
605742,7385,2022-02-21 23:59:59.000 Z
605075,381476,2022-02-15 23:59:59.000 Z
605102,435594,
605103,435594,
605050,1909,
605051,1909,
604933,12286,2022-02-28 23:59:59.000 Z
604932,1909,
604934,1909,
604931,1909,2022-02-14 23:59:59.000 Z
604936,1909,2022-02-14 23:59:59.000 Z
604937,55623,2022-02-28 23:59:59.000 Z
604954,1909,
604974,449694,2022-02-14 23:59:59.000 Z
604953,140150,
604972,5801,2022-02-12 23:59:59.000 Z
604971,5801,2022-02-12 23:59:59.000 Z
604975,464891,
604976,18292,2022-02-06 23:59:59.000 Z
605178,56754,2022-02-16 23:59:59.000 Z
605430,1909,2022-02-17 23:59:59.000 Z
605322,434666,2022-02-14 23:59:59.000 Z
605262,44722,2022-12-31 23:59:59.000 Z
605245,350207,2022-02-13 23:59:59.000 Z
605265,24752,2022-02-15 23:59:59.000 Z
605365,411980,2022-04-07 23:59:59.000 Z
605264,3426,2022-12-31 23:59:59.000 Z
605267,113920,2022-02-14 23:59:59.000 Z
605270,463888,2022-02-24 23:59:59.000 Z
605312,2001,2022-02-28 23:59:59.000 Z
605309,1909,
605132,2001,2022-02-26 23:59:59.000 Z
605301,1872,2022-02-19 23:59:59.000 Z
605139,1869,2022-02-15 23:59:59.000 Z
605141,5801,2022-02-12 23:59:59.000 Z
605310,3063,2022-02-26 23:59:59.000 Z
605153,63730,2022-02-22 23:59:59.000 Z
605140,381476,2022-02-10 23:59:59.000 Z
605143,168066,2022-02-10 23:59:59.000 Z
605145,23538,2022-02-24 23:59:59.000 Z
605072,185295,2022-02-12 23:59:59.000 Z
606648,186155,2022-03-07 23:59:59.000 Z
606644,136480,2022-03-28 23:59:59.000 Z
606826,505952,
606643,376157,2022-03-05 23:59:59.000 Z
606766,30482,2022-03-09 23:59:59.000 Z
606646,7105,2022-04-02 23:59:59.000 Z
605357,6801,
606827,505952,
606825,505952,
606641,376149,2022-03-07 23:59:59.000 Z
606382,1862,2022-03-31 23:59:59.000 Z
605552,204617,2023-01-31 23:59:59.000 Z
606394,227557,2022-03-06 23:59:59.000 Z
605598,8254,2022-03-12 23:59:59.000 Z
606535,4449,2022-03-06 23:59:59.000 Z
606587,92005,2022-03-06 23:59:59.000 Z
606588,4678,2022-03-15 23:59:59.000 Z
606464,2500,2022-04-30 23:59:59.000 Z
606207,463018,2022-03-06 23:59:59.000 Z
606847,372958,
606845,372958,
606844,372958,
606849,372958,
606833,372958,
606852,3568,2022-03-27 23:59:59.000 Z
606832,372958,
606836,372958,
606666,33467,2022-03-07 23:59:59.000 Z
606841,3568,2022-03-20 23:59:59.000 Z
606846,372958,
606850,372958,
606835,372958,
606854,372958,2022-03-31 23:59:59.000 Z
606851,372958,
606715,375764,2022-03-08 23:59:59.000 Z
606831,505952,
606834,372958,
606848,372958,
606660,203724,2022-03-11 23:59:59.000 Z
606857,3568,2022-03-20 23:59:59.000 Z
606839,68504,2022-03-06 23:59:59.000 Z
606653,2453,2022-03-06 23:59:59.000 Z
606734,424912,2022-12-31 23:59:59.000 Z
606781,463018,2022-03-14 23:59:59.000 Z
605703,6801,
606862,3568,2022-04-03 23:59:59.000 Z
606655,38652,2022-03-07 23:59:59.000 Z
606667,405562,2022-03-06 23:59:59.000 Z
606687,376711,2022-03-28 23:59:59.000 Z
606665,36108,2022-03-07 23:59:59.000 Z
606864,376711,2022-03-28 23:59:59.000 Z
606668,479435,2022-04-01 23:59:59.000 Z
606682,30136,2022-03-08 23:59:59.000 Z
605651,458109,2022-02-28 23:59:59.000 Z
606689,11259,2022-03-06 23:59:59.000 Z
606688,24752,2022-03-09 23:59:59.000 Z
606691,2510,2022-03-08 23:59:59.000 Z
606511,5214,2022-03-15 23:59:59.000 Z
605902,20132,2022-03-29 23:59:59.000 Z
606512,4428,2022-03-03 23:59:59.000 Z
606509,337100,2022-03-31 23:59:59.000 Z
606515,2272,2022-03-06 23:59:59.000 Z
606513,6325,2022-03-07 23:59:59.000 Z
606517,2050,2022-03-13 23:59:59.000 Z
605899,2363,2022-03-27 23:59:59.000 Z
606536,201596,2022-03-05 23:59:59.000 Z
606562,140209,2022-03-06 23:59:59.000 Z
606309,184786,2022-03-09 23:59:59.000 Z
606651,2385,
606586,2001,2022-03-07 23:59:59.000 Z
606085,140209,2022-03-22 23:59:59.000 Z
606358,7924,2022-03-06 23:59:00.000 Z
606532,17376,2022-03-03 23:59:59.000 Z
606252,496128,2023-01-01 23:59:59.000 Z
606529,36003,2022-03-08 23:59:59.000 Z
606247,1872,2022-03-05 23:59:59.000 Z
606531,437135,2022-03-07 23:59:59.000 Z
606533,358857,2022-03-31 23:59:59.000 Z
605452,3426,2022-03-17 23:59:59.000 Z
606726,1909,
605774,428537,2023-01-31 23:59:59.000 Z
606602,1805,2022-03-14 23:59:59.000 Z
606539,139641,2022-03-03 23:59:59.000 Z
606537,6192,2022-03-12 23:59:59.000 Z
605486,3607,2022-02-18 23:59:59.000 Z
605328,3568,2022-03-05 23:59:59.000 Z
605546,2453,
605474,426402,2022-02-17 23:59:59.000 Z
605540,1909,2022-02-21 23:59:59.000 Z
605487,105816,2022-02-18 23:59:59.000 Z
605550,2001,2022-02-26 23:59:59.000 Z
605330,8254,2022-02-19 23:59:59.000 Z
605541,1909,2022-02-21 23:59:59.000 Z
605316,3063,2022-02-19 23:59:59.000 Z
605121,115914,
605348,8254,2022-02-19 23:59:59.000 Z
605331,191613,2022-02-14 23:59:59.000 Z
605339,294909,2022-02-17 23:59:59.000 Z
605205,3081,2022-02-15 23:59:59.000 Z
604984,8007,2022-02-17 23:59:59.000 Z
605454,4433,2022-02-16 23:59:59.000 Z
605342,465211,2022-02-15 23:59:59.000 Z
605573,1909,2022-02-21 23:59:59.000 Z
605559,1909,
605562,1909,
605396,7924,2022-02-14 23:59:59.000 Z
605570,1909,
605341,3940,2022-02-15 23:59:59.000 Z
605566,1909,
605343,400920,2022-03-17 23:59:59.000 Z
605556,1909,
605584,1909,
605558,1909,
605037,27664,2022-02-16 23:59:59.000 Z
605223,376149,2022-02-24 23:59:59.000 Z
605269,465852,2022-02-17 23:59:59.000 Z
605217,27365,2022-02-16 23:59:59.000 Z
605216,376079,2022-02-16 23:59:59.000 Z
605218,114084,2022-02-28 23:59:59.000 Z
605260,10291,2022-02-14 23:59:59.000 Z
605219,2931,2022-05-10 23:59:59.000 Z
605307,3607,2022-02-15 23:59:59.000 Z
605325,463018,2022-02-20 23:59:59.000 Z
605335,1909,2022-02-14 23:59:59.000 Z
605320,30482,2022-02-16 23:59:59.000 Z
605230,9866,2022-03-01 23:59:59.000 Z
605228,2523,2022-02-13 23:59:59.000 Z
605277,140209,2022-02-13 23:59:59.000 Z
605237,5234,2022-03-01 23:59:59.000 Z
605351,1909,
605244,437206,2022-02-16 23:59:59.000 Z
605243,376135,2022-02-14 23:59:59.000 Z
605249,203724,2022-02-11 23:59:59.000 Z
605251,376594,2022-02-14 23:59:59.000 Z
605356,1909,
605247,22715,2022-02-12 23:59:59.000 Z
605282,203724,2022-02-23 23:59:59.000 Z
605248,8722,2022-02-14 23:59:59.000 Z
605063,153389,2022-02-13 23:59:59.000 Z
605133,6244,2022-02-13 23:59:59.000 Z
605253,411980,2022-04-07 23:59:59.000 Z
605258,177140,2022-12-31 23:59:59.000 Z
605261,10272,2022-04-17 23:59:59.000 Z
605293,71184,2022-02-12 23:59:59.000 Z
605259,20132,2022-02-15 23:59:59.000 Z
605407,1909,
605408,1909,
605409,1909,
605386,11497,2022-12-31 23:59:59.000 Z
605385,1872,2022-02-19 23:59:59.000 Z
605358,1909,2022-02-14 23:59:59.000 Z
605118,3940,2022-02-13 23:59:59.000 Z
605170,3016,2022-02-27 23:59:59.000 Z
605090,56322,2022-05-30 23:59:59.000 Z
605168,2527,2022-02-12 23:59:59.000 Z
605176,33467,
605174,435594,2022-02-15 23:59:59.000 Z
605172,377196,2022-02-14 23:59:59.000 Z
605173,2768,2022-03-01 23:59:59.000 Z
605175,40499,2022-02-20 23:59:59.000 Z
605155,95911,2022-02-20 23:59:59.000 Z
605146,440356,2022-02-15 23:59:59.000 Z
605137,3063,2022-03-05 23:59:59.000 Z
605295,1909,2022-02-14 23:59:59.000 Z
605129,4058,2022-02-22 23:59:59.000 Z
605308,1909,
606341,506232,
606340,506232,
606253,30482,2022-03-03 23:59:59.000 Z
606334,71184,
606336,302700,2022-03-05 23:59:59.000 Z
606314,4500,2022-03-31 23:59:59.000 Z
606342,376434,
606346,505880,
606347,505880,
606348,505880,
606349,505880,
606202,42344,2022-03-06 23:59:59.000 Z
606203,333763,2022-04-19 23:59:59.000 Z
606350,384530,2022-04-18 23:59:59.000 Z
606352,27664,2022-03-07 23:59:59.000 Z
606280,2625,2022-04-03 23:59:59.000 Z
605393,2497,2022-02-27 23:59:59.000 Z
606296,2687,2022-03-10 23:59:59.000 Z
606116,140209,2022-02-26 23:59:59.000 Z
605948,318942,
605935,375792,2022-02-27 23:59:59.000 Z
605097,333966,2022-02-28 23:59:59.000 Z
606333,1872,2022-03-26 23:59:59.000 Z
606364,375838,2022-03-10 23:59:59.000 Z
606074,343169,
606493,1872,
605161,4178,
605505,62800,2022-03-06 23:59:59.000 Z
606017,5797,
606020,489366,2022-02-28 23:59:59.000 Z
606496,132485,
606482,1909,
606495,132485,
606006,274038,
606494,132485,2022-03-13 23:59:59.000 Z
606041,2944,2022-03-10 23:59:59.000 Z
606223,375679,2022-12-31 23:59:59.000 Z
605820,54241,2022-03-01 23:59:59.000 Z
605987,1909,2022-02-27 23:59:59.000 Z
605884,1872,2022-02-26 23:59:59.000 Z
605659,3089,2022-02-22 23:59:59.000 Z
606018,13259,
606277,27664,2022-03-08 23:59:59.000 Z
606374,2431,2022-03-07 23:59:59.000 Z
605512,77741,
605641,77741,
606365,3513,2022-03-14 23:59:59.000 Z
606599,1909,2022-12-31 23:59:59.000 Z
605565,51598,2022-02-28 23:59:59.000 Z
606534,1805,2022-03-08 23:59:59.000 Z
606472,17409,
605961,375527,2022-12-31 23:59:59.000 Z
606283,3940,2022-03-13 23:59:59.000 Z
606308,2978,2022-03-11 23:59:59.000 Z
606285,28808,
606284,37431,
606287,3687,2022-03-07 23:59:59.000 Z
606370,2494,2022-05-31 23:59:59.000 Z
606288,2431,2022-03-03 23:59:59.000 Z
606561,140209,2022-03-13 23:59:59.000 Z
606465,140266,2022-03-06 23:59:59.000 Z
606506,30482,
606504,30482,
606508,3063,
605955,288325,2022-02-27 23:59:59.000 Z
606380,61427,2022-03-02 23:59:59.000 Z
606166,375764,2022-12-31 23:59:59.000 Z
606518,1909,
606514,1909,
606233,376773,2022-02-28 23:59:59.000 Z
606507,1909,
606244,1872,2022-03-26 23:59:59.000 Z
606455,336593,2022-04-03 23:59:59.000 Z
606510,1909,
606459,9176,2022-03-16 23:59:59.000 Z
606520,1909,
605952,1779,2022-03-06 23:59:59.000 Z
606488,287332,2022-03-06 23:59:59.000 Z
606523,442355,2022-03-31 23:59:59.000 Z
606206,2001,2022-03-05 23:59:59.000 Z
606522,1909,2022-03-06 23:59:59.000 Z
606242,463888,2022-03-03 23:59:59.000 Z
606439,3568,2022-03-02 23:59:59.000 Z
606294,201596,2022-03-31 23:59:59.000 Z
606319,1805,2022-03-03 23:59:59.000 Z
606240,114564,2022-03-03 23:59:59.000 Z
606241,1872,2022-03-26 23:59:59.000 Z
605599,452722,2022-02-28 23:59:59.000 Z
606303,97327,2022-06-01 23:59:59.000 Z
606540,436968,2022-03-14 23:59:59.000 Z
606530,1909,
606538,1909,
606519,51992,2022-03-31 23:59:59.000 Z
606543,3568,2022-03-03 23:59:59.000 Z
606526,4449,
606440,30482,2022-03-09 23:59:59.000 Z
606326,7766,2022-04-01 23:59:59.000 Z
606251,105236,2022-03-22 23:59:59.000 Z
605636,243933,2022-03-31 23:59:59.000 Z
606257,153389,2022-03-06 23:59:59.000 Z
605119,2527,2022-03-05 23:59:59.000 Z
606222,191613,2022-04-03 23:59:59.000 Z
606250,136234,2022-11-02 23:59:59.000 Z
606255,2467,2022-03-04 23:59:59.000 Z
605905,289791,2022-03-03 23:59:59.000 Z
606256,87554,2022-03-13 23:59:59.000 Z
605855,201596,2022-02-21 23:59:59.000 Z
605907,170351,2022-02-22 23:59:59.000 Z
605926,1909,2022-02-24 23:59:59.000 Z
605810,7662,2022-03-21 23:59:59.000 Z
605811,454689,2022-02-24 23:59:59.000 Z
605808,177458,2022-02-22 23:59:59.000 Z
605812,376157,2022-02-26 23:59:59.000 Z
605524,16899,2022-02-27 23:59:59.000 Z
605564,391310,2022-02-21 23:59:59.000 Z
605770,51598,2022-03-31 23:59:59.000 Z
605931,2418,2023-02-06 23:59:59.000 Z
605929,4178,2022-02-22 23:59:59.000 Z
605780,51960,2022-02-21 23:59:59.000 Z
605482,4172,2022-02-22 23:59:59.000 Z
605932,2418,2022-03-08 23:59:59.000 Z
605918,366176,2022-02-21 23:59:59.000 Z
605766,10291,2022-02-20 23:59:59.000 Z
605604,313408,2022-02-22 23:59:59.000 Z
605928,4058,
605927,4058,
605017,376290,2022-02-11 23:59:59.000 Z
605022,442051,2022-02-13 23:59:59.000 Z
605019,390965,2022-12-31 23:59:59.000 Z
605197,411980,2022-04-07 23:59:59.000 Z
605020,439811,
605196,1909,
604992,227557,2022-02-10 23:59:59.000 Z
605163,475257,2022-02-28 23:59:59.000 Z
605113,143718,2022-02-11 23:59:59.000 Z
605034,140266,2022-02-22 23:59:59.000 Z
605210,2539,2022-12-31 23:59:59.000 Z
604980,2714,2022-02-10 23:59:59.000 Z
604987,411980,2022-02-10 23:59:59.000 Z
605152,1909,2022-02-14 23:59:59.000 Z
605089,8254,2022-02-12 23:59:59.000 Z
605150,3062,2022-02-15 23:59:59.000 Z
605128,1805,2022-02-12 23:59:59.000 Z
604973,206222,2022-02-06 23:59:59.000 Z
604948,36108,2022-02-10 23:59:59.000 Z
606305,3341,2022-03-02 23:59:59.000 Z
606324,3513,2022-03-14 23:59:59.000 Z
606304,370480,2022-03-03 23:59:59.000 Z
606301,407683,2022-03-07 23:59:59.000 Z
606524,442355,2022-03-31 23:59:59.000 Z
606302,38652,2022-03-08 23:59:59.000 Z
606310,36071,2022-03-02 23:59:59.000 Z
606547,3568,2022-03-19 23:59:59.000 Z
606254,2978,2022-03-11 23:59:59.000 Z
606311,5531,2022-03-04 23:59:59.000 Z
606469,479435,2022-03-14 23:59:59.000 Z
606351,384530,2022-04-18 23:59:59.000 Z
606554,30482,2022-03-06 23:59:59.000 Z
606636,1909,
606652,386938,
606645,1909,2022-03-06 23:59:59.000 Z
606329,147152,2022-06-01 23:59:59.000 Z
606327,376767,2022-03-31 23:59:59.000 Z
606320,295158,2022-03-08 23:59:59.000 Z
606639,1909,
606649,1909,2022-03-06 23:59:59.000 Z
606321,422379,2022-03-01 23:59:59.000 Z
606633,1909,
606582,375764,2022-03-16 23:59:59.000 Z
606354,384530,2022-04-18 23:59:59.000 Z
606630,1909,
606332,2319,2022-03-06 23:59:59.000 Z
606622,1909,
606625,1909,
606662,9176,
606337,376290,2022-03-06 23:59:59.000 Z
606664,9176,
606661,9176,
606647,479435,2022-03-14 23:59:59.000 Z
606663,9176,
606590,9176,
606330,146752,2022-04-01 23:59:59.000 Z
606654,442149,
606377,1909,
606379,1909,
606270,3940,2022-03-13 23:59:59.000 Z
604963,3426,2022-02-28 23:59:59.000 Z
606279,3513,2022-03-18 23:59:59.000 Z
606282,2978,2022-03-10 23:59:59.000 Z
606238,1872,
606142,370480,2022-02-26 23:59:59.000 Z
606135,103322,2022-02-27 23:59:59.000 Z
606239,1909,
606134,42383,2022-05-30 23:59:59.000 Z
606136,358857,2022-02-28 23:59:59.000 Z
606115,496128,2022-12-31 23:59:59.000 Z
605085,2931,2022-02-24 23:59:59.000 Z
606167,3513,2022-04-01 23:59:59.000 Z
606093,2431,2022-02-28 23:59:59.000 Z
606106,3687,2022-02-28 23:59:59.000 Z
606118,140209,2022-02-26 23:59:59.000 Z
606209,1872,2022-03-05 23:59:59.000 Z
605722,2297,
606009,335485,2022-02-28 23:59:00.000 Z
605845,2508,2022-02-27 23:59:59.000 Z
605534,394717,2022-02-28 23:59:59.000 Z
605256,435526,
606132,1909,2022-02-27 23:59:59.000 Z
606221,3426,2022-12-31 23:59:59.000 Z
606197,140266,2022-02-27 23:59:59.000 Z
606038,416646,2022-02-27 23:59:59.000 Z
605633,27664,2022-03-07 23:59:59.000 Z
606138,3379,2022-03-02 23:59:59.000 Z
606140,4621,2022-03-06 23:59:59.000 Z
606139,376721,2022-03-02 23:59:59.000 Z
606230,496128,2023-01-01 23:59:59.000 Z
606210,30482,2022-03-02 23:59:59.000 Z
606149,146206,2022-03-31 23:59:59.000 Z
606150,469049,2022-03-27 23:59:59.000 Z
606158,2582,2022-03-30 23:59:59.000 Z
606177,407999,2022-03-07 23:59:59.000 Z
606002,134202,2022-02-27 09:44:46.580 Z
606046,11259,2022-02-27 23:59:59.000 Z
606164,97861,2022-02-28 23:59:59.000 Z
606269,13259,
606271,377634,
606176,6997,2022-02-28 23:59:59.000 Z
605183,5659,2022-03-31 23:59:59.000 Z
606225,3513,2022-03-18 23:59:59.000 Z
606172,80302,
605946,463333,2022-02-23 23:59:59.000 Z
606173,2610,
605903,3607,2022-03-01 23:59:59.000 Z
605954,244493,2022-02-25 23:59:59.000 Z
606123,391310,2022-02-26 23:59:59.000 Z
605978,1909,
605950,140266,2022-02-22 23:59:59.000 Z
605938,30482,2022-02-27 23:59:59.000 Z
605977,2073,2022-02-27 23:59:59.000 Z
605981,1909,2022-02-27 23:59:59.000 Z
605901,445573,2022-02-24 23:59:59.000 Z
605962,4964,2022-03-17 23:59:59.000 Z
605967,4828,2022-03-08 23:59:59.000 Z
605827,333763,2022-02-22 23:59:59.000 Z
605831,8254,2022-02-26 23:59:59.000 Z
605849,61427,2022-02-21 23:59:59.000 Z
605997,32839,2022-02-27 23:59:59.000 Z
605830,6178,2022-02-26 23:59:59.000 Z
605998,32839,2022-02-27 23:59:59.000 Z
605866,7385,2022-02-21 23:59:59.000 Z
605984,1872,
605801,1872,2022-02-26 23:59:59.000 Z
606004,420183,
606003,420183,
606007,27664,2022-03-07 23:59:59.000 Z
606005,274038,
605747,8254,2022-03-12 23:59:59.000 Z
605693,414560,2022-02-21 23:59:59.000 Z
605863,30482,2022-02-24 23:59:59.000 Z
605940,140150,2022-02-25 23:59:59.000 Z
605457,61922,2022-02-27 23:59:59.000 Z
605805,366176,2022-02-21 23:59:59.000 Z
605947,318942,
605705,433841,2022-02-27 23:59:59.000 Z
605410,440823,2022-03-19 23:59:59.000 Z
605639,1909,2022-02-27 23:59:59.000 Z
605655,3426,2022-03-31 23:59:59.000 Z
605481,20193,2022-02-17 23:59:59.000 Z
605672,1909,
605661,1909,2022-02-22 23:59:59.000 Z
605488,375587,2022-02-16 23:59:59.000 Z
605628,251481,2022-02-20 23:59:59.000 Z
605232,87917,2022-02-17 23:59:59.000 Z
605194,153389,2022-02-20 23:59:59.000 Z
605448,6325,2022-02-24 23:59:59.000 Z
605675,1909,2022-02-28 23:59:59.000 Z
605516,394206,2022-03-01 23:59:59.000 Z
605470,407999,2022-02-28 23:59:59.000 Z
605433,112404,2022-02-15 23:59:59.000 Z
605456,377587,2022-04-15 23:59:59.000 Z
605426,463018,2022-02-19 23:59:59.000 Z
605557,10472,2022-02-17 23:59:59.000 Z
605503,375503,2022-02-22 23:59:59.000 Z
605446,2993,2022-02-28 23:59:59.000 Z
605519,5683,2022-02-21 23:59:59.000 Z
605502,2510,2022-02-23 23:59:59.000 Z
605653,30437,2022-02-28 23:59:59.000 Z
605539,77657,2022-12-31 23:59:59.000 Z
605592,4500,2022-02-21 23:59:59.000 Z
605434,64921,2022-02-20 23:59:59.000 Z
605472,9176,2022-02-27 23:59:59.000 Z
605560,411980,2022-04-07 23:59:59.000 Z
605509,3341,2022-02-21 23:59:59.000 Z
605518,206222,2022-02-28 23:59:59.000 Z
605431,11787,2022-02-18 23:59:59.000 Z
605485,72226,2022-03-01 23:59:59.000 Z
605439,89895,2022-02-21 23:59:59.000 Z
605500,381476,2022-02-21 23:59:59.000 Z
605547,306833,2022-12-31 23:59:59.000 Z
605421,2687,2022-02-28 23:59:59.000 Z
605689,454311,2022-02-22 23:59:59.000 Z
605463,35314,2022-03-01 23:59:59.000 Z
605484,4925,2022-02-22 23:59:59.000 Z
605475,375875,2022-02-21 23:59:59.000 Z
605600,30482,2022-02-20 23:59:59.000 Z
605467,440953,2022-03-01 23:59:59.000 Z
605489,375984,2022-02-21 23:59:59.000 Z
605458,446245,2022-02-23 23:59:59.000 Z
605542,140266,2022-02-22 23:59:59.000 Z
605545,3607,2022-02-18 23:59:59.000 Z
605549,426402,2022-02-17 23:59:59.000 Z
604965,424912,2022-03-08 23:59:59.000 Z
605495,2618,
605447,376157,2022-02-19 23:59:59.000 Z
605554,27664,2022-02-21 23:59:59.000 Z
605450,375764,2022-03-16 23:59:59.000 Z
605451,354199,2022-02-19 23:59:59.000 Z
605455,445573,2022-02-17 23:59:59.000 Z
605318,95911,2022-02-20 23:59:59.000 Z
605575,4433,2022-02-17 23:59:59.000 Z
605436,2551,2022-02-27 23:59:59.000 Z
605548,2931,2022-02-28 23:59:59.000 Z
605428,45580,2022-02-28 23:59:59.000 Z
605544,51598,2022-02-28 23:59:59.000 Z
605591,3513,2022-02-21 23:59:59.000 Z
605526,2453,2022-02-21 23:59:59.000 Z
605506,371153,2022-02-18 23:59:59.000 Z
605521,395914,2022-05-31 23:59:59.000 Z
605429,70216,2022-02-18 23:59:59.000 Z
605313,2001,2022-02-26 23:59:59.000 Z
605514,4058,2022-02-16 23:59:59.000 Z
605491,201596,2022-02-22 23:59:59.000 Z
605464,54241,2022-03-31 23:59:59.000 Z
605437,32577,2022-02-19 23:59:59.000 Z
605553,375679,2022-12-31 23:59:59.000 Z
605416,297325,2022-02-22 23:59:59.000 Z
605490,1805,2022-02-18 23:59:59.000 Z
605422,2609,2022-03-01 23:59:59.000 Z
605691,494915,2022-02-24 23:59:59.000 Z
605432,13259,2022-02-15 23:59:59.000 Z
605425,1872,2022-02-19 23:59:59.000 Z
604939,30032,2022-02-20 23:59:59.000 Z
605419,376688,2022-09-30 23:59:59.000 Z
605520,50558,2022-02-16 23:59:59.000 Z
605593,7385,2022-02-17 23:59:59.000 Z
605443,26032,2022-02-21 23:59:59.000 Z
605652,333763,2022-02-28 23:59:59.000 Z
605327,302700,2022-12-31 23:59:59.000 Z
605576,113920,2022-02-19 23:59:59.000 Z
605462,177458,2022-02-20 23:59:59.000 Z
605707,2508,
605709,8254,
605712,3076,2022-03-02 23:59:59.000 Z
605710,3076,2022-02-28 23:59:59.000 Z
605715,3076,2022-02-28 23:59:59.000 Z
605711,3076,
605716,3076,2022-02-28 23:59:59.000 Z
605708,8254,
605721,3426,2022-12-31 23:59:59.000 Z
605719,3426,2022-12-31 23:59:59.000 Z
605720,3426,2022-12-31 23:59:59.000 Z
605714,3076,2022-02-24 23:59:59.000 Z
605730,2931,
605726,2931,
605724,2931,
605727,2931,
605728,2931,
605713,3076,2022-03-02 23:59:59.000 Z
605729,2931,
605723,2931,
605725,2931,
605731,2741,2022-02-22 23:59:59.000 Z
605252,3014,
605372,442281,2022-02-15 23:59:59.000 Z
605375,6244,2022-02-28 23:59:59.000 Z
605369,10396,2022-02-16 23:59:59.000 Z
605371,71184,2022-02-16 23:59:59.000 Z
605631,27664,2022-02-21 23:59:59.000 Z
605629,251481,
605625,27664,2022-02-21 23:59:59.000 Z
605627,27664,2022-02-21 23:59:59.000 Z
605373,6178,2022-02-19 23:59:59.000 Z
605370,153389,2022-02-20 23:59:59.000 Z
605590,1909,2022-02-21 23:59:59.000 Z
605087,376676,2022-02-16 23:59:59.000 Z
605091,413312,2022-02-18 23:59:59.000 Z
605384,335485,2022-02-14 23:59:59.000 Z
605382,376502,2022-02-15 23:59:59.000 Z
605383,442355,2022-02-14 23:59:59.000 Z
605391,420316,2022-02-15 23:59:59.000 Z
605154,51598,2022-02-28 23:59:59.000 Z
605605,369821,
605660,422379,2022-02-21 23:59:59.000 Z
605834,1805,2022-02-21 23:59:59.000 Z
605893,1909,2022-02-26 23:59:59.000 Z
605828,3568,2022-03-26 23:59:59.000 Z
605767,366176,2022-02-21 23:59:59.000 Z
605822,2385,2022-02-21 23:59:59.000 Z
605588,3871,2022-02-22 23:59:59.000 Z
605871,375587,2022-02-21 23:59:59.000 Z
605777,375792,2022-02-22 23:59:59.000 Z
605785,402707,2022-02-21 23:59:59.000 Z
605779,71184,2022-02-21 23:59:59.000 Z
605775,437397,2022-02-22 23:59:59.000 Z
604982,1733,2022-02-23 23:59:59.000 Z
605125,384530,2022-02-28 23:59:59.000 Z
605916,1909,2022-02-24 23:59:59.000 Z
605813,32577,2022-02-28 23:59:59.000 Z
605911,1909,
606479,442051,2022-03-11 23:59:59.000 Z
606624,56754,2022-03-11 23:59:59.000 Z
606671,62800,2022-03-10 23:59:59.000 Z
606676,62800,2022-03-10 23:59:59.000 Z
606672,62800,
606675,62800,
606677,389331,
606338,385454,2022-04-10 23:59:59.000 Z
606679,141066,
606339,401200,2022-03-07 23:59:59.000 Z
606681,445274,
606673,62800,
606670,62800,
606669,62800,2022-03-10 23:59:59.000 Z
606674,62800,2022-03-10 23:59:59.000 Z
606680,141066,
606317,30032,2022-03-02 23:59:59.000 Z
606684,433841,2022-03-27 23:59:59.000 Z
606686,433841,2022-04-04 23:59:59.000 Z
606683,433841,2022-03-14 23:59:59.000 Z
606685,433841,2022-03-28 23:59:59.000 Z
605350,2931,2022-03-31 23:59:59.000 Z
606695,384530,2022-04-18 23:59:59.000 Z
606353,384530,2022-04-18 23:59:59.000 Z
606502,30482,
606208,3063,2022-03-05 23:59:59.000 Z
606490,1909,2022-03-10 23:59:59.000 Z
606227,389493,2022-04-03 23:59:59.000 Z
606560,505965,
606259,6355,2022-03-31 23:59:59.000 Z
606567,411998,
606260,2620,2022-03-01 23:59:59.000 Z
606541,97327,2022-03-31 23:59:59.000 Z
606568,411998,
606571,411998,
606563,411998,
606574,68122,2022-03-03 23:59:59.000 Z
606262,445207,2022-04-01 23:59:59.000 Z
606573,411998,
606263,491254,2023-02-26 23:59:59.000 Z
606572,411998,
606265,31520,2022-03-06 23:59:59.000 Z
606578,500225,
606550,4964,2022-03-18 23:59:59.000 Z
606580,500225,
606579,500225,
606577,500225,
606581,500225,
606525,2001,2022-03-05 23:59:59.000 Z
606193,375503,2022-03-06 23:59:59.000 Z
605963,391310,2022-04-04 23:59:59.000 Z
606470,8254,2022-03-05 23:59:59.000 Z
606595,480512,
606542,1909,2022-03-06 23:59:59.000 Z
606593,437362,
606596,481093,
606592,3436,
606565,97327,
606108,433841,2022-03-06 23:59:59.000 Z
606594,95998,
606598,436043,
606591,3435,
606453,443420,
606460,443420,
605379,3426,2022-12-31 23:59:59.000 Z
606450,443420,
606331,2297,
606458,443420,
606216,465852,2022-03-31 23:59:59.000 Z
606451,443420,
606461,443420,2022-03-29 23:59:59.000 Z
606449,443420,
606454,443420,
606448,443420,
606452,443420,
606220,8254,2022-03-05 23:59:59.000 Z
606274,2186,2022-03-31 23:59:59.000 Z
605507,3464,2022-03-07 23:59:59.000 Z
606313,17180,2022-03-31 23:59:59.000 Z
606468,2297,
606417,1909,2022-03-02 23:59:59.000 Z
606316,1909,
606318,1909,
606286,3513,2022-03-07 23:59:59.000 Z
606323,1909,2022-03-01 23:59:59.000 Z
606291,4058,2022-03-19 23:59:59.000 Z
606289,61427,2022-03-01 23:59:59.000 Z
606386,1909,
606396,427444,2022-03-31 23:59:59.000 Z
606392,427444,
606395,1909,
606376,1909,
606361,5729,
606391,427444,
606375,1909,
606393,427444,
606373,1909,
606401,417187,2022-03-31 23:59:59.000 Z
606390,1909,2022-03-06 23:59:59.000 Z
606398,417187,2022-03-31 23:59:59.000 Z
606400,417187,2022-03-31 23:59:59.000 Z
606409,125662,
606405,125662,2022-03-07 23:59:59.000 Z
606407,489366,2022-12-31 23:59:59.000 Z
606403,417187,2022-03-31 23:59:59.000 Z
606399,417187,2022-03-31 23:59:59.000 Z
606406,125662,
606402,417187,2022-03-31 23:59:59.000 Z
606411,125662,
606422,441573,2022-03-04 23:59:59.000 Z
606421,441573,
606413,125662,
606418,441573,
606410,125662,
606404,125662,2022-03-31 23:59:59.000 Z
606306,2685,2022-03-31 23:59:59.000 Z
606412,125662,
606420,441573,2022-03-04 23:59:59.000 Z
606414,125662,
606424,441573,
605740,51498,2022-03-05 23:59:59.000 Z
606234,2453,2022-03-06 23:59:59.000 Z
606419,441573,2022-03-04 23:59:59.000 Z
606290,6997,2022-03-15 23:59:59.000 Z
606307,65653,2022-03-22 23:59:59.000 Z
606218,32780,2022-04-01 23:59:59.000 Z
606281,2001,2022-03-02 23:59:59.000 Z
606161,54241,2022-03-30 23:59:59.000 Z
606345,30482,2022-03-04 23:59:59.000 Z
605023,2554,2023-01-31 23:59:59.000 Z
606369,24316,2022-03-04 23:59:59.000 Z
606597,8254,2022-03-05 23:59:59.000 Z
606215,3934,2022-03-05 23:59:59.000 Z
606360,2687,2022-04-01 23:59:59.000 Z
605973,3555,
606690,1909,2022-03-06 23:59:59.000 Z
606627,3607,2022-03-07 23:59:59.000 Z
606371,294523,2022-04-08 23:59:59.000 Z
606658,1909,
606010,2931,2022-03-31 23:59:59.000 Z
606372,427136,2022-04-08 23:59:59.000 Z
606678,1909,
606621,1909,
606616,17409,2022-03-10 23:59:59.000 Z
606620,1909,
606698,30482,
606613,1909,
606716,294523,
606614,1909,
606618,1909,
606615,1909,
606650,30482,
606717,1909,
606721,1909,2022-03-06 23:59:59.000 Z
606521,61427,2022-03-04 23:59:59.000 Z
606381,15854,2022-03-02 23:59:59.000 Z
605555,7385,2022-02-17 23:59:59.000 Z
605587,1909,
605345,10291,2022-02-14 23:59:59.000 Z
605344,465852,2022-02-17 23:59:59.000 Z
605417,1869,2022-02-17 23:59:59.000 Z
605578,8007,2022-02-24 23:59:59.000 Z
605586,1909,
605352,83262,2022-02-14 23:59:59.000 Z
605349,458697,2022-02-14 23:59:59.000 Z
605498,30482,2022-02-20 23:59:59.000 Z
605380,8254,2022-02-19 23:59:59.000 Z
605359,1834,2022-02-14 23:59:59.000 Z
605360,3486,2022-02-17 23:59:59.000 Z
605480,1909,2022-02-19 23:59:59.000 Z
605418,1805,2022-02-15 23:59:59.000 Z
605319,375457,2022-02-15 23:59:59.000 Z
605148,63730,2022-03-31 23:59:59.000 Z
605300,30482,2022-02-15 23:59:59.000 Z
605024,27491,2022-04-01 23:59:59.000 Z
605317,184786,2022-02-16 23:59:59.000 Z
605156,2050,2022-02-14 23:59:59.000 Z
605179,419460,2022-02-14 23:59:59.000 Z
605158,376755,2022-02-14 23:59:59.000 Z
605166,301586,2022-02-14 23:59:59.000 Z
605311,1909,2022-02-14 23:59:59.000 Z
605182,3062,2022-02-15 23:59:59.000 Z
605263,384530,2022-02-28 23:59:59.000 Z
605321,1909,2022-02-14 23:59:59.000 Z
605315,1872,2022-02-19 23:59:59.000 Z
605333,1909,
605204,7647,2022-02-13 23:59:59.000 Z
604993,2385,2022-02-13 23:59:59.000 Z
605054,153389,2022-02-13 23:59:59.000 Z
606950,134202,
606951,58941,
605525,353913,
606955,353913,2022-03-20 23:59:59.000 Z
606786,3568,2022-03-13 23:59:59.000 Z
606473,2297,
606837,1909,2022-03-10 23:59:59.000 Z
605874,2434,2022-03-15 23:59:59.000 Z
604979,140209,2023-01-25 23:59:59.000 Z
605009,3568,2022-02-12 23:59:59.000 Z
605060,1909,2022-02-14 23:59:59.000 Z
605056,1909,
605055,1909,
604998,1805,2022-02-08 23:59:59.000 Z
605052,1909,
605053,1909,
605031,30482,2022-02-12 23:59:59.000 Z
605018,57173,
605069,1829,2022-02-23 23:59:59.000 Z
605062,1909,2022-02-14 23:59:59.000 Z
605109,1753,2022-02-11 23:59:59.000 Z
605108,1909,2022-02-21 23:59:59.000 Z
605110,1753,2022-02-14 23:59:59.000 Z
605111,1753,2022-02-17 23:59:59.000 Z
605114,1909,
605115,1909,
604926,204617,2022-02-08 23:59:59.000 Z
605067,1805,2022-02-18 23:59:59.000 Z
605084,3607,2022-02-10 23:59:59.000 Z
605116,1909,2022-02-21 23:59:59.000 Z
604970,2001,2022-02-11 23:59:59.000 Z
605036,447421,
605016,1909,2022-02-14 23:59:59.000 Z
605035,3037,
605046,1909,
605049,1909,
605048,1909,
605644,413201,2022-02-22 23:59:59.000 Z
605646,2539,2022-02-21 23:59:59.000 Z
605645,17376,2022-02-21 23:59:59.000 Z
605823,2001,2022-02-28 23:59:59.000 Z
605101,54241,2022-02-24 23:59:59.000 Z
605596,372078,2022-02-21 23:59:59.000 Z
605440,237943,2022-03-14 23:59:59.000 Z
605597,2385,2022-02-21 23:59:59.000 Z
605606,2843,2022-03-03 23:59:59.000 Z
605602,423279,2022-02-22 23:59:59.000 Z
605601,91743,2022-02-22 23:59:59.000 Z
605825,3568,2022-02-26 23:59:59.000 Z
605610,444715,2022-02-21 23:59:59.000 Z
605607,3057,2022-02-21 23:59:59.000 Z
605459,393896,2022-02-20 23:59:59.000 Z
605797,3568,2022-02-20 23:59:59.000 Z
605612,105236,2022-02-28 23:59:59.000 Z
605611,313408,2022-03-22 23:59:59.000 Z
605619,186155,2022-02-22 23:59:59.000 Z
605826,3568,2022-02-26 23:59:59.000 Z
605637,3692,2022-02-21 23:59:59.000 Z
605791,375764,2022-03-16 23:59:59.000 Z
605623,402873,2022-04-30 23:59:59.000 Z
605643,376425,2022-02-25 23:59:59.000 Z
605162,445207,2022-02-21 23:59:59.000 Z
605624,2437,2022-02-21 23:59:59.000 Z
605638,99919,2022-03-01 23:59:59.000 Z
604981,14583,2022-02-28 23:59:59.000 Z
605640,82962,2022-03-08 23:59:59.000 Z
605647,244493,2022-02-21 23:59:59.000 Z
605768,289484,
605792,447421,
605759,30601,2022-02-22 23:59:59.000 Z
605750,31134,2022-02-28 23:59:59.000 Z
605800,375457,2022-03-07 23:59:59.000 Z
605798,2931,2022-03-02 23:59:59.000 Z
605744,4058,2022-02-21 23:59:59.000 Z
605795,426736,2022-02-18 23:59:59.000 Z
605735,376304,2022-02-23 23:59:59.000 Z
605749,33467,2022-02-22 23:59:59.000 Z
605753,100919,2022-02-23 23:59:59.000 Z
605787,171954,2022-04-30 23:59:59.000 Z
605885,51598,2022-03-31 23:59:59.000 Z
604966,1733,2022-02-07 23:59:59.000 Z
604957,1909,2022-02-14 23:59:59.000 Z
604928,411980,2022-02-10 23:59:59.000 Z
604983,1909,
604990,1909,
604989,1909,
604986,1909,
604925,1872,2022-02-12 23:59:59.000 Z
604959,3513,2022-02-15 23:59:59.000 Z
605004,1909,
605000,1909,
605002,1909,
604991,1909,
604994,1909,
605006,1909,
605008,1909,2022-02-14 23:59:59.000 Z
605012,1909,
604978,18292,2022-02-06 23:59:59.000 Z
605013,1909,
605003,442051,2022-02-10 23:59:59.000 Z
604940,30482,2022-02-10 23:59:59.000 Z
605032,394798,
605033,394798,
605368,309318,2022-02-16 23:59:59.000 Z
605630,27664,2022-02-21 23:59:59.000 Z
605363,446824,2022-02-28 23:59:59.000 Z
605362,5729,2022-02-28 23:59:59.000 Z
605250,5801,2022-02-16 07:41:16.147 Z
605361,376204,2022-02-14 23:59:59.000 Z
605377,309318,2022-02-16 23:59:59.000 Z
605648,30482,
605405,469049,2022-03-31 23:59:59.000 Z
605397,448949,2022-02-15 23:59:59.000 Z
605406,3687,2022-02-23 23:59:59.000 Z
605184,3056,
605202,29803,2022-02-15 23:59:59.000 Z
605177,333763,2022-02-14 23:59:59.000 Z
606109,433841,2022-03-11 23:59:59.000 Z
606070,66151,2022-05-31 23:59:59.000 Z
606077,191613,2022-02-27 23:59:59.000 Z
606122,4433,2022-02-27 23:59:59.000 Z
606137,445573,2022-02-27 23:59:59.000 Z
605897,4058,2022-02-28 23:59:59.000 Z
606194,465852,
606168,465852,2022-03-03 23:59:59.000 Z
606091,11787,2022-02-26 23:59:59.000 Z
606098,2630,2022-12-31 23:59:59.000 Z
605501,22715,2022-03-03 23:59:59.000 Z
606095,17512,2022-02-28 23:59:59.000 Z
605888,447421,2022-02-21 23:59:59.000 Z
605889,41273,2022-02-27 23:59:59.000 Z
605891,6244,2022-02-21 23:59:59.000 Z
605904,237943,2022-02-28 23:59:59.000 Z
605347,140209,2022-03-31 23:59:59.000 Z
605894,2453,2022-02-27 23:59:59.000 Z
605867,8733,2022-02-25 23:59:59.000 Z
605869,12477,2022-03-02 23:59:59.000 Z
605873,475257,2022-02-22 23:59:59.000 Z
605875,354199,2022-02-25 23:59:59.000 Z
605876,444525,2022-03-21 23:59:59.000 Z
605999,7385,2022-02-21 23:59:59.000 Z
606069,19501,
605877,442373,2022-02-22 23:59:59.000 Z
606081,193537,2022-02-28 23:59:59.000 Z
605878,105816,2022-02-23 23:59:59.000 Z
605879,177140,2022-03-21 23:59:59.000 Z
605881,376676,2022-02-25 23:59:59.000 Z
605868,3629,2022-03-27 23:59:59.000 Z
606086,140209,2022-04-03 23:59:59.000 Z
606084,193537,2022-02-28 23:59:59.000 Z
606082,193537,2022-02-28 23:59:59.000 Z
606083,193537,2022-02-28 23:59:59.000 Z
605883,442051,2022-02-27 23:59:59.000 Z
606090,353913,2022-02-28 23:59:59.000 Z
605671,3426,2022-12-31 23:59:59.000 Z
605449,7105,2022-02-21 23:59:59.000 Z
606073,2630,2022-12-31 23:59:59.000 Z
605483,434666,2022-02-23 23:59:59.000 Z
606102,2792,2022-03-13 23:59:59.000 Z
605920,384530,2022-02-28 23:59:59.000 Z
605523,33922,2022-02-21 23:59:59.000 Z
606094,3426,2022-12-31 23:59:59.000 Z
606001,3687,2022-02-24 23:59:59.000 Z
605882,1904,2022-02-21 23:59:59.000 Z
605511,471009,2022-02-23 23:59:59.000 Z
605390,2156,2022-02-28 23:59:59.000 Z
605388,2156,2022-02-28 23:59:59.000 Z
605389,2156,2022-02-28 23:59:59.000 Z
605387,2156,2022-02-28 23:59:59.000 Z
606104,46444,2022-03-31 23:59:59.000 Z
605939,377773,2022-02-28 23:59:59.000 Z
605374,140943,2022-02-28 23:59:59.000 Z
606079,140209,2022-02-26 23:59:59.000 Z
605898,206222,2022-02-23 23:59:59.000 Z
606080,5426,2022-02-28 23:59:59.000 Z
605171,365703,2022-02-23 23:59:59.000 Z
605906,38652,2022-02-28 23:59:59.000 Z
605923,1733,2022-02-23 23:59:59.000 Z
605971,201596,2022-02-24 23:59:59.000 Z
605913,152067,2022-02-22 23:59:59.000 Z
605910,36020,2022-02-22 23:59:59.000 Z
606036,375587,2022-02-24 23:59:59.000 Z
606049,3568,2022-02-24 23:59:59.000 Z
605908,9937,2022-02-28 23:59:59.000 Z
605912,1852,2022-02-23 23:59:59.000 Z
605915,377143,2022-12-31 23:59:59.000 Z
605960,153389,2022-02-27 23:59:59.000 Z
606057,3063,
606130,1909,
605995,445573,2022-02-24 23:59:59.000 Z
605921,18291,2022-02-23 23:59:59.000 Z
606124,1909,
605922,2539,2022-03-01 23:59:59.000 Z
605668,3094,2022-02-22 23:59:59.000 Z
606127,1909,
605988,376721,2022-02-28 23:59:59.000 Z
605959,3379,2022-02-24 23:59:59.000 Z
605925,467634,2022-03-19 23:59:59.000 Z
605794,283253,2022-02-21 23:59:59.000 Z
605748,347384,2022-02-23 23:59:59.000 Z
605790,91808,2022-02-22 23:59:59.000 Z
605850,28685,2022-02-21 23:59:59.000 Z
606011,1909,2022-02-27 23:59:59.000 Z
606028,1909,
606031,1909,
606032,1909,
606034,1909,
605914,375587,2022-02-22 23:59:59.000 Z
606033,1909,
605617,241903,
605609,51960,
605613,494915,
605616,115570,
605618,13009,
605615,118284,
605614,140541,
605465,18561,2022-02-21 23:59:59.000 Z
606273,201596,2022-02-28 23:59:59.000 Z
605453,2492,2022-03-31 23:59:59.000 Z
606243,1909,2022-03-03 23:59:59.000 Z
606298,2685,2022-03-31 23:59:59.000 Z
606189,2661,2022-02-28 23:59:59.000 Z
606245,370480,2022-03-01 23:59:59.000 Z
606276,3341,2022-03-02 23:59:59.000 Z
606299,140209,2022-02-26 23:59:59.000 Z
606359,324891,2022-03-04 23:59:59.000 Z
606266,2625,2022-04-03 23:59:59.000 Z
605543,11480,2022-02-27 23:59:59.000 Z
606228,3513,2022-03-07 23:59:59.000 Z
606261,2625,
606169,114564,2022-03-10 23:59:59.000 Z
605226,15854,2022-02-15 23:59:59.000 Z
605513,193537,2022-02-23 23:59:59.000 Z
605401,206222,2022-02-13 23:59:59.000 Z
605220,2246,2022-02-13 23:59:59.000 Z
605441,2453,2022-02-27 23:59:59.000 Z
605323,11565,2022-02-14 23:59:59.000 Z
605522,2453,2022-02-21 23:59:59.000 Z
605527,2418,
605274,140266,2022-02-14 23:59:59.000 Z
605530,10865,
605528,2418,
605533,10865,
605532,10865,
605496,1909,2022-02-21 23:59:59.000 Z
605531,10865,2022-02-16 23:59:59.000 Z
605271,114564,2022-02-17 23:59:59.000 Z
605353,3607,2022-02-16 23:59:59.000 Z
605399,3063,2022-02-18 23:59:59.000 Z
605398,3063,2022-02-19 23:59:59.000 Z
605340,206222,2022-02-14 23:59:59.000 Z
605493,1909,
605479,1909,
605494,1909,
604985,295158,
605461,30482,2022-02-20 23:59:59.000 Z
605492,1909,
605497,2500,2022-02-23 23:59:59.000 Z
605303,184786,2022-02-16 23:59:59.000 Z
605415,381476,2022-02-15 23:59:59.000 Z
605142,3341,2022-02-14 23:59:59.000 Z
605206,2343,2022-02-14 23:59:59.000 Z
606387,505964,
606385,505964,
606389,505964,
606388,505964,
606384,505964,
606383,1909,
605186,418341,2022-03-01 23:59:59.000 Z
605807,1925,2023-02-28 23:59:59.000 Z
606807,1909,
605138,3014,2022-12-31 23:59:59.000 Z
606631,3513,2022-03-11 23:59:59.000 Z
606814,1909,2022-03-10 23:59:59.000 Z
606060,171954,2022-04-30 23:59:59.000 Z
605473,6801,
606637,474189,2022-03-13 23:59:59.000 Z
606416,489366,2022-12-30 23:59:59.000 Z
606635,442355,2022-03-31 23:59:59.000 Z
606638,5919,2022-03-06 23:59:59.000 Z
606757,1872,
606762,1872,
606601,3435,2022-12-31 23:59:59.000 Z
606729,3568,2022-03-05 23:59:59.000 Z
606773,162000,
606784,3568,2022-03-13 23:59:59.000 Z
606778,1872,2022-03-12 23:59:59.000 Z
606763,1872,
606754,201596,2022-03-13 23:59:59.000 Z
606487,492387,2022-03-28 23:59:59.000 Z
606609,481127,2022-12-31 23:59:59.000 Z
606486,492387,2022-03-28 23:59:59.000 Z
606485,492387,2022-03-28 23:59:59.000 Z
606237,113920,2022-03-13 23:59:59.000 Z
606610,437362,2022-12-31 23:59:59.000 Z
606605,4178,2022-03-31 23:59:59.000 Z
606611,3436,2022-12-31 23:59:59.000 Z
606743,1909,2022-03-15 23:59:59.000 Z
606785,30482,
606617,115944,2022-03-11 23:59:59.000 Z
606787,1872,
606799,442149,2022-03-13 23:59:59.000 Z
605924,87917,
606765,2001,2022-03-12 23:59:59.000 Z
606232,430017,2022-03-12 23:59:59.000 Z
605423,436778,2022-03-31 23:59:59.000 Z
606272,377634,2022-03-06 23:59:59.000 Z
606160,5801,2022-03-13 23:59:59.000 Z
605468,2365,
606492,30437,2022-03-31 23:59:59.000 Z
606623,140209,
606101,2792,2022-03-09 23:59:59.000 Z
605191,4670,
606576,473496,
606171,158365,
605972,1909,2022-02-24 23:59:59.000 Z
605650,1834,2022-02-21 23:59:59.000 Z
605583,16708,2022-02-21 23:59:59.000 Z
606021,48003,
605706,433841,2022-02-27 23:59:59.000 Z
606022,48003,
606023,287930,2022-03-02 23:59:59.000 Z
605833,411980,2022-04-07 23:59:59.000 Z
606025,3687,2022-02-28 23:59:59.000 Z
605734,4500,2022-02-21 23:59:59.000 Z
605970,3426,2022-12-31 23:59:59.000 Z
605058,3555,
605872,2016,2022-02-21 23:59:59.000 Z
605444,2497,2022-02-27 23:59:59.000 Z
604924,3651,2022-03-01 23:59:59.000 Z
605620,154646,2022-02-25 23:59:59.000 Z
606120,1733,2022-03-01 23:59:59.000 Z
606112,46444,2022-04-30 23:59:59.000 Z
606111,2931,2022-03-31 23:59:59.000 Z
606133,153389,2022-03-06 23:59:59.000 Z
606129,375679,
606113,411980,2022-04-07 23:59:59.000 Z
605974,10125,2022-02-27 23:59:59.000 Z
606099,295158,2022-03-01 23:59:59.000 Z
606096,1909,
606117,1909,
605965,7653,2022-03-02 23:59:59.000 Z
606056,2001,2022-02-26 23:59:59.000 Z
605120,7463,2022-03-01 23:59:59.000 Z
606043,3341,2022-02-26 23:59:59.000 Z
604930,61922,2022-02-27 23:59:59.000 Z
605976,402723,2022-02-25 23:59:59.000 Z
605403,127346,2022-02-23 23:59:59.000 Z
605561,184786,2022-03-02 23:59:59.000 Z
605982,2073,2022-02-27 23:59:59.000 Z
605979,40324,2022-02-28 23:59:59.000 Z
605983,435594,2022-02-28 23:59:59.000 Z
605900,34143,2022-02-28 23:59:59.000 Z
605980,140266,2022-02-26 23:59:59.000 Z
605986,96025,2022-02-28 23:59:59.000 Z
605989,3871,2022-03-02 23:59:59.000 Z
605991,107394,2022-03-24 23:59:59.000 Z
605990,5088,2022-02-26 23:59:59.000 Z
605994,3940,2022-02-23 23:59:59.000 Z
605992,184674,2022-04-03 23:59:59.000 Z
606201,2343,2022-03-02 23:59:59.000 Z
606188,2001,2022-02-26 23:59:59.000 Z
606000,11480,2023-01-31 23:59:59.000 Z
605993,4964,2022-03-17 23:59:59.000 Z
606044,2515,2022-03-09 23:59:59.000 Z
606008,8254,2022-02-26 23:59:59.000 Z
606012,141106,2022-03-23 23:59:59.000 Z
605092,2574,2022-02-25 23:59:59.000 Z
605621,2385,2022-02-21 23:59:59.000 Z
605242,87917,2022-02-21 23:59:59.000 Z
606024,455271,
606027,12339,2022-03-15 23:59:59.000 Z
606026,15709,2022-02-25 23:59:59.000 Z
606029,349384,2022-02-25 23:59:59.000 Z
606030,56471,2022-03-01 23:59:59.000 Z
605843,2363,2022-03-27 23:59:59.000 Z
606185,30482,
606088,1909,
605788,2001,2022-02-26 23:59:59.000 Z
606063,30482,
606100,2582,
606092,1909,
606141,30482,
606184,30482,
606180,30482,
606051,4976,
606039,375874,2022-03-04 23:59:59.000 Z
605510,401567,2022-02-25 23:59:59.000 Z
606087,1909,
606040,4751,2022-03-03 23:59:59.000 Z
606107,2582,
606186,30482,
606071,1909,
606157,30482,
606179,30482,
606048,2931,
606076,1909,
606054,1909,
606047,360071,2022-03-01 23:59:59.000 Z
606204,3063,2022-03-19 23:59:59.000 Z
606187,463018,2022-02-27 23:59:59.000 Z
606050,64921,2022-02-28 23:59:59.000 Z
606052,435729,2022-03-02 23:59:59.000 Z
606053,1805,2022-02-28 23:59:59.000 Z
605896,3081,2022-03-29 23:59:59.000 Z
605515,333966,2022-02-28 23:59:59.000 Z
606121,140209,2022-02-26 23:59:59.000 Z
605870,2527,2022-03-05 23:59:59.000 Z
606059,51960,2022-02-25 23:59:59.000 Z
606055,343169,2022-03-16 23:59:59.000 Z
605649,3032,2022-02-21 23:59:59.000 Z
605859,1909,2022-02-21 23:59:59.000 Z
605887,1909,2022-03-06 23:59:59.000 Z
605741,494915,2022-02-24 23:59:59.000 Z
605736,390965,2022-12-31 23:59:59.000 Z
605746,375679,2022-12-31 23:59:59.000 Z
605799,17180,
605764,115395,2022-02-21 23:59:59.000 Z
605733,30437,2022-02-28 23:59:59.000 Z
604949,153389,2022-02-27 23:59:59.000 Z
605739,454311,2022-02-22 23:59:59.000 Z
605773,3513,2022-02-23 23:59:59.000 Z
605195,3540,2022-03-29 23:59:59.000 Z
605692,289791,2022-02-21 23:59:59.000 Z
605892,1909,
605732,86599,2022-02-21 23:59:59.000 Z
605745,83906,2022-02-20 23:59:59.000 Z
605632,27664,2022-03-07 23:59:59.000 Z
605626,27664,2022-02-21 23:59:59.000 Z
605635,27664,2022-03-07 23:59:59.000 Z
605634,27664,2022-03-07 23:59:59.000 Z
605781,206222,2022-02-20 23:59:59.000 Z
605239,87917,2022-02-21 23:59:59.000 Z
605890,1909,
605809,34143,2022-02-22 23:59:59.000 Z
605895,289791,2022-03-03 23:59:59.000 Z
606962,20132,
606853,30482,2022-03-31 23:59:59.000 Z
604999,359491,2022-12-31 23:59:59.000 Z
606975,111353,
606968,437378,2022-03-27 23:59:59.000 Z
606971,437378,2022-03-27 23:59:59.000 Z
606972,22637,
606970,437378,2022-03-27 23:59:59.000 Z
606965,416447,
606808,153389,2022-03-07 23:59:59.000 Z
606940,386180,2022-03-09 23:59:59.000 Z
606899,1909,
606898,1909,
606969,437378,2022-03-27 23:59:59.000 Z
606966,416447,
606973,111353,
606964,394717,2022-03-26 23:59:59.000 Z
606982,337959,
606075,2593,
606988,205826,
606749,68504,2022-03-06 23:59:59.000 Z
606758,61427,2022-03-06 23:59:59.000 Z
606820,405471,2022-03-13 23:59:59.000 Z
606986,205826,
606977,2593,
606984,106063,
606985,106063,
606976,2593,2022-03-31 23:59:59.000 Z
606980,2593,
606987,205826,
606983,106063,
606979,2593,
606978,2593,
605126,4654,
606322,13870,2022-03-08 23:59:59.000 Z
606894,1909,
606818,1909,
606843,30482,
606891,445207,2022-04-01 23:59:59.000 Z
606874,184674,
606830,30482,
606600,107394,
606900,1909,
606267,107394,2022-03-11 23:59:59.000 Z
606838,153389,
605190,418341,2022-03-15 23:59:59.000 Z
606103,3426,2022-12-31 23:59:59.000 Z
605504,2500,2022-03-07 23:59:59.000 Z
605240,87917,
605241,87917,
606182,13259,2022-03-11 23:59:59.000 Z
606183,310513,
605956,381476,2022-02-28 23:59:59.000 Z
605622,398787,2022-02-24 23:59:59.000 Z
605957,10865,2022-02-27 23:59:59.000 Z
605958,3032,2022-02-22 23:59:59.000 Z
605842,2826,2022-02-24 23:59:59.000 Z
606119,1909,
606058,1872,
606062,444700,2022-03-04 23:59:59.000 Z
606042,14385,
606205,1872,
606200,30482,2022-03-01 23:59:59.000 Z
606066,172095,2023-01-31 23:59:59.000 Z
606131,3568,2022-02-25 23:59:59.000 Z
606067,375457,2022-03-07 23:59:59.000 Z
606212,3568,2022-03-05 23:59:59.000 Z
606068,379575,2022-03-01 23:59:59.000 Z
605949,396772,2022-02-24 23:59:59.000 Z
605930,17376,2022-03-02 23:59:59.000 Z
606148,62800,2022-03-03 23:59:59.000 Z
606147,62800,2022-03-03 23:59:59.000 Z
606153,62800,2022-03-03 23:59:59.000 Z
605853,151481,2022-02-22 23:59:59.000 Z
606156,62800,
606151,62800,2022-03-03 23:59:59.000 Z
606154,62800,2022-03-03 23:59:59.000 Z
606152,62800,2022-03-03 23:59:59.000 Z
606143,62800,2022-03-06 23:59:59.000 Z
606155,62800,2022-03-03 23:59:59.000 Z
606144,62800,2022-03-03 23:59:59.000 Z
606146,62800,2022-03-03 23:59:59.000 Z
605933,2518,2022-03-05 23:59:59.000 Z
606145,62800,2022-03-03 23:59:59.000 Z
605934,134202,2022-02-24 08:41:46.560 Z
606089,114564,2022-03-03 23:59:59.000 Z
606014,5801,
606159,134202,2022-03-20 23:59:59.000 Z
605936,445275,2022-02-22 23:59:59.000 Z
605381,54241,2022-02-27 23:59:59.000 Z
605471,134202,
606162,3735,2022-05-01 23:59:59.000 Z
605969,170351,2022-02-23 23:59:59.000 Z
605937,430017,2022-02-27 23:59:59.000 Z
605941,71184,2022-02-23 23:59:59.000 Z
605968,413176,2022-02-28 23:59:59.000 Z
606078,114564,2022-02-24 23:59:59.000 Z
605273,14583,2022-02-28 23:59:59.000 Z
605944,376290,2022-02-25 23:59:59.000 Z
605411,1909,
605275,3777,2022-02-28 23:59:59.000 Z
605276,479435,2022-02-28 23:59:59.000 Z
605332,1872,2022-02-19 23:59:59.000 Z
605413,1872,2022-02-19 23:59:59.000 Z
605334,1872,2022-02-19 23:59:59.000 Z
605287,452214,2022-02-12 23:59:59.000 Z
605284,6192,2022-02-14 23:59:59.000 Z
605286,375587,2022-02-13 23:59:59.000 Z
605412,1909,2022-02-21 23:59:59.000 Z
605164,376773,
605292,3513,2022-02-18 23:59:59.000 Z
605314,61427,2022-02-14 23:59:59.000 Z
605289,9282,2022-02-15 23:59:59.000 Z
605420,1909,
605290,2661,2022-02-14 23:59:59.000 Z
605346,463018,2022-02-14 23:59:59.000 Z
605424,1909,2022-02-16 23:59:59.000 Z
605298,475257,2022-02-17 23:59:59.000 Z
605297,154646,2022-02-28 23:59:59.000 Z
605296,376747,2022-02-13 23:59:59.000 Z
605364,2551,2022-02-27 23:59:59.000 Z
605304,3706,2022-04-30 23:59:59.000 Z
604955,70992,2022-02-13 23:59:59.000 Z
605367,445573,2022-02-17 23:59:59.000 Z
605354,393896,2022-02-14 23:59:59.000 Z
605378,54241,2022-02-20 23:59:59.000 Z
605355,30482,2022-02-17 23:59:59.000 Z
605305,435729,2022-02-15 23:59:59.000 Z
605306,51960,2022-02-16 23:59:59.000 Z
605477,1909,
605478,1909,
605254,232869,2022-04-30 23:59:59.000 Z
605222,471108,2022-02-17 23:59:59.000 Z
605476,1909,
605338,5729,2022-02-15 23:59:59.000 Z
605442,420183,
605427,375587,2022-02-15 23:59:59.000 Z
605394,3607,2022-02-15 23:59:59.000 Z
604988,89895,2022-02-15 23:59:59.000 Z
605181,391310,2022-02-16 23:59:59.000 Z
605192,110917,2022-02-11 23:59:59.000 Z
605193,376134,2022-02-16 23:59:59.000 Z
604927,8060,2022-02-10 23:59:59.000 Z
605180,1805,2022-02-18 23:59:59.000 Z
605326,3568,2022-02-19 23:59:59.000 Z
605324,1805,2022-02-18 23:59:59.000 Z
605288,3568,2022-02-12 23:59:59.000 Z
605199,8254,2022-02-12 23:59:59.000 Z
605329,8254,2022-02-19 23:59:59.000 Z
606904,2792,
606911,370480,
606913,370480,
606907,27537,
606908,370480,
606906,27537,
606999,103641,
606713,5668,
606174,111214,2022-04-18 23:59:59.000 Z
606335,302700,2022-03-05 23:59:59.000 Z
606363,3063,2022-03-06 23:59:59.000 Z
606181,391310,2022-03-07 23:59:59.000 Z
606840,3063,2022-03-12 23:59:59.000 Z
606933,1909,
606996,47766,
606750,170351,2022-03-06 23:59:59.000 Z
606930,1909,
606856,3063,2022-03-12 23:59:59.000 Z
607001,55623,2022-04-01 23:59:59.000 Z
606995,361534,2022-03-20 23:59:59.000 Z
605040,497069,2022-02-28 23:59:59.000 Z
605030,30482,
605073,2510,
605038,3426,2022-03-31 23:59:59.000 Z
604929,1909,
606861,376721,
606812,376721,2022-03-12 23:59:59.000 Z
606912,370480,
606905,2792,
606819,25531,
606910,370480,
606728,9180,2022-03-07 23:59:59.000 Z
606727,20193,2022-03-07 23:59:59.000 Z
606760,386180,
606925,1909,
606735,10496,2022-03-31 23:59:59.000 Z
606902,1909,2022-03-13 23:59:59.000 Z
606732,377859,2022-03-31 23:59:59.000 Z
606883,2500,2022-04-18 23:59:59.000 Z
606731,376755,2022-03-14 23:59:59.000 Z
606585,115840,
606557,314675,2022-06-30 23:59:59.000 Z
606491,6997,2022-03-03 23:59:59.000 Z
606714,140209,2022-04-03 23:59:59.000 Z
606737,375587,2022-03-08 23:59:59.000 Z
606736,375981,2022-06-30 23:59:59.000 Z
606929,1909,
606761,386180,
606740,440823,2022-03-31 23:59:59.000 Z
606798,386180,
606741,291912,2022-03-08 23:59:59.000 Z
606739,402723,2022-03-10 23:59:59.000 Z
606935,376135,2022-03-09 23:59:59.000 Z
606738,386340,2022-03-08 23:59:59.000 Z
606759,140266,2022-03-13 23:59:59.000 Z
606720,17409,2022-03-10 23:59:59.000 Z
606718,3607,2022-03-07 23:59:59.000 Z
606823,1909,
606821,1909,
606828,1909,
606706,19501,2022-03-07 23:59:59.000 Z
606603,2500,2022-04-30 23:59:59.000 Z
606882,62800,
606709,398787,2022-03-08 23:59:59.000 Z
606779,54241,2022-04-06 23:59:59.000 Z
606708,152067,2022-03-07 23:59:59.000 Z
606711,115830,2022-03-13 23:59:59.000 Z
606013,5801,
606258,88594,2022-03-14 23:59:59.000 Z
606751,384530,2022-04-18 23:59:59.000 Z
606824,140943,
606696,114564,2022-03-10 23:59:59.000 Z
606802,381476,2022-03-08 23:59:59.000 Z
606694,463888,2022-03-10 23:59:59.000 Z
606693,465852,2022-03-10 23:59:59.000 Z
606697,15318,2022-03-11 23:59:59.000 Z
606659,375764,2022-03-08 23:59:59.000 Z
606699,352986,2022-03-08 23:59:59.000 Z
606863,302700,2022-03-12 23:59:59.000 Z
606876,11395,2022-03-13 23:59:59.000 Z
606483,2826,2023-01-01 23:59:59.000 Z
606704,375984,2022-03-06 23:59:59.000 Z
606065,3896,
606705,17512,2022-03-07 23:59:59.000 Z
605951,1779,2022-02-27 23:59:59.000 Z
605846,55623,2022-02-21 23:59:59.000 Z
605656,3096,2022-02-22 23:59:59.000 Z
606019,343169,
605844,416646,2022-02-27 23:59:59.000 Z
605880,447216,2022-02-23 23:59:59.000 Z
605669,3095,2022-02-22 23:59:59.000 Z
605964,2515,2022-02-27 23:59:59.000 Z
605917,3341,2022-02-23 23:59:59.000 Z
605572,2944,2022-03-03 23:59:59.000 Z
606035,1909,
605667,3889,2022-02-22 23:59:59.000 Z
605847,5906,2022-02-21 23:59:59.000 Z
606015,2931,2022-03-31 23:59:59.000 Z
605608,4976,2022-02-21 23:59:59.000 Z
605366,64337,2022-02-21 23:59:59.000 Z
605919,3568,2022-02-22 23:59:59.000 Z
605782,2246,2022-02-21 23:59:59.000 Z
605832,83982,2022-02-22 23:59:59.000 Z
606037,1909,2022-02-27 23:59:59.000 Z
605852,489366,2022-04-30 23:59:59.000 Z
605909,1805,2022-02-23 23:59:59.000 Z
605806,463018,2022-02-21 23:59:59.000 Z
605819,434666,2022-02-22 23:59:59.000 Z
605438,2510,2022-02-24 23:59:59.000 Z
605848,2001,2022-02-25 23:59:59.000 Z
605851,3063,2022-02-21 23:59:59.000 Z
605854,2687,2022-02-28 23:59:59.000 Z
605942,51960,2022-02-23 23:59:59.000 Z
606016,1872,2022-02-26 23:59:59.000 Z
605858,457531,2022-02-21 23:59:59.000 Z
605657,3479,2022-02-22 23:59:59.000 Z
605862,4925,2022-02-22 23:59:59.000 Z
605985,30482,2022-02-26 23:59:59.000 Z
605861,9866,2022-03-31 23:59:59.000 Z
605860,497525,2022-02-21 23:59:59.000 Z
605025,396634,2022-02-28 23:59:59.000 Z
605094,3426,2022-12-31 23:59:59.000 Z
605026,393926,2022-02-13 23:59:59.000 Z
605255,418341,
605027,86599,2022-02-13 23:59:59.000 Z
605028,29573,2022-02-08 23:59:59.000 Z
605029,79578,2022-02-09 23:59:59.000 Z
605039,32577,2022-02-18 23:59:59.000 Z
605268,114564,2022-02-17 23:59:59.000 Z
605231,30482,
605208,1909,
605005,6997,2022-02-08 23:59:59.000 Z
605215,1909,
605224,1909,
605214,1909,
605221,1909,
605207,1909,
605201,1909,
605200,1909,
605227,24752,
605203,1909,
605198,1909,
605042,3777,2022-02-28 23:59:59.000 Z
605041,447421,2022-02-11 23:59:59.000 Z
605044,3037,2023-02-09 23:59:59.000 Z
605225,1872,2022-02-12 23:59:59.000 Z
605047,20748,2022-03-15 23:59:59.000 Z
604968,1872,2022-02-12 23:59:59.000 Z
605130,1909,
604960,376158,2022-02-11 23:59:59.000 Z
605149,1909,
604956,463018,2022-02-13 23:59:59.000 Z
604952,130298,2022-02-15 23:59:59.000 Z
604961,140150,2022-02-15 23:59:59.000 Z
604951,237943,2022-02-14 23:59:59.000 Z
605135,1909,2022-02-21 23:59:59.000 Z
604964,107394,2022-02-22 23:59:59.000 Z
605856,1909,
605857,1909,
605737,427303,2022-02-22 23:59:59.000 Z
605551,105816,2022-02-18 23:59:59.000 Z
605685,14385,2022-02-22 23:59:59.000 Z
605376,2510,2022-02-21 23:59:59.000 Z
605684,445171,2022-02-22 23:59:59.000 Z
605686,443952,2022-02-22 23:59:59.000 Z
605687,8224,2022-02-21 23:59:59.000 Z
605840,1909,
605567,7136,2022-02-20 23:59:59.000 Z
605802,61427,2022-02-20 23:59:59.000 Z
605688,86595,2022-02-21 23:59:59.000 Z
605337,442149,2022-02-20 23:59:59.000 Z
605815,3063,2022-02-26 23:59:59.000 Z
604967,64337,2022-04-01 23:59:59.000 Z
605804,11565,2022-02-20 23:59:59.000 Z
605717,5801,2022-02-20 23:59:59.000 Z
605718,5801,
605754,154648,2022-02-22 23:59:59.000 Z
605704,2630,2022-02-22 23:59:59.000 Z
605760,2311,2022-02-22 23:59:59.000 Z
605762,33351,2022-02-24 23:59:59.000 Z
605783,394566,2022-02-28 23:59:59.000 Z
605769,3415,2022-02-22 23:59:59.000 Z
605752,13399,2022-02-22 23:59:59.000 Z
605517,6355,2022-03-31 23:59:59.000 Z
605841,1909,2022-02-21 23:59:59.000 Z
605756,2661,2022-02-24 23:59:59.000 Z
605763,38519,2022-02-22 23:59:59.000 Z
605824,30482,2022-02-25 23:59:59.000 Z
605755,42387,2022-03-16 23:59:59.000 Z
605784,118910,2022-02-21 23:59:59.000 Z
604969,437378,2022-02-20 23:59:59.000 Z
605499,21747,2022-02-21 23:59:59.000 Z
605594,237943,2022-02-21 23:59:59.000 Z
605595,1869,2022-03-02 23:59:59.000 Z
605589,8007,2022-02-24 23:59:59.000 Z
605654,5088,2022-02-28 23:59:59.000 Z
605285,106522,2022-02-22 23:59:59.000 Z
605664,3092,2022-02-22 23:59:59.000 Z
605666,3480,2022-02-22 23:59:59.000 Z
605662,3022,2022-02-22 23:59:59.000 Z
605658,4647,2022-02-22 23:59:59.000 Z
605665,3091,2022-02-22 23:59:59.000 Z
605663,23369,2022-02-22 23:59:59.000 Z
605821,1909,
605814,3513,2022-03-04 23:59:59.000 Z
605694,6325,2022-02-19 23:59:59.000 Z
605571,3379,
605838,1909,
605698,3486,2022-02-21 23:59:59.000 Z
605673,32212,2022-02-22 23:59:59.000 Z
605778,2527,
605099,3379,
605765,434666,
605771,1909,
605682,375587,
605695,1909,
605817,30482,
605670,20193,2022-02-22 23:59:59.000 Z
605702,1909,
605793,3063,
605837,1909,
605674,117066,2022-02-22 23:59:59.000 Z
605835,1909,
605803,30482,
605836,1909,
605818,30482,
605796,333763,
605574,4828,
605697,3063,
605683,454013,2022-03-21 23:59:59.000 Z
605701,8224,2022-02-21 23:59:59.000 Z
605700,467634,2022-02-22 23:59:59.000 Z
605680,184620,2022-02-28 23:59:59.000 Z
605690,398787,2022-02-23 23:59:59.000 Z
605681,5531,2022-02-22 23:59:59.000 Z
605699,265428,2022-02-24 23:59:59.000 Z
605678,12487,2022-02-21 23:59:59.000 Z
605696,118391,2022-02-22 23:59:59.000 Z
605676,5234,2022-03-22 23:59:59.000 Z
605679,400106,2022-02-21 23:59:59.000 Z
605839,1909,
605677,11338,2022-02-22 23:59:59.000 Z
605757,3894,2022-02-20 23:59:59.000 Z
605789,2688,2022-02-28 23:59:59.000 Z
605569,11480,2022-02-21 23:59:59.000 Z
605568,376773,2022-02-21 23:59:59.000 Z
605414,11565,2022-02-19 23:59:59.000 Z
605761,32577,2022-02-20 23:59:59.000 Z
605579,475894,2022-03-01 23:59:59.000 Z
605816,3568,2022-02-18 23:59:59.000 Z
605445,34143,2022-02-20 23:59:59.000 Z
605577,475894,
605585,152067,2022-02-21 23:59:59.000 Z
605580,22715,2022-02-21 23:59:59.000 Z
605581,7252,2022-02-21 23:59:59.000 Z
605582,2694,2022-02-21 23:59:59.000 Z
605395,458627,2022-02-14 23:59:59.000 Z
605642,2539,2022-02-21 23:59:59.000 Z
605535,451615,
605402,23391,2022-02-14 23:59:59.000 Z
605400,2527,2022-02-19 23:59:59.000 Z
605015,49306,2022-02-16 14:07:24.177 Z
605336,7647,2022-02-14 23:59:59.000 Z
605538,1909,
605529,1909,2022-02-21 23:59:59.000 Z
605021,134202,
605167,62800,2022-02-10 23:59:59.000 Z
605160,56615,
605159,2422,
605096,130933,2022-02-14 23:59:59.000 Z
605106,26815,2022-02-15 23:59:59.000 Z
605104,54241,2022-02-24 23:59:59.000 Z
605112,115395,2022-02-16 23:59:59.000 Z
605107,444498,2022-02-14 23:59:59.000 Z
605117,414524,2022-02-28 23:59:59.000 Z
605131,3607,2022-02-10 23:59:59.000 Z
605124,64921,2022-02-14 23:59:59.000 Z
605299,1909,2022-02-14 23:59:59.000 Z
605212,2714,2022-02-13 23:59:59.000 Z
605059,221900,2022-02-09 23:59:59.000 Z
605061,88594,2022-02-13 23:59:59.000 Z
605083,221900,
605246,140209,2022-02-14 23:59:59.000 Z
605278,1909,
605279,1909,
605136,3513,2022-04-01 23:59:59.000 Z
605080,452214,2022-02-11 23:59:59.000 Z
605157,3568,2022-02-10 23:59:59.000 Z
605281,6192,2022-02-15 23:59:59.000 Z
605280,1909,2022-02-14 23:59:59.000 Z
604946,2453,2022-02-28 23:59:59.000 Z
605066,107912,2022-02-21 23:59:59.000 Z
605065,201596,2022-02-22 23:59:59.000 Z
605144,3513,2022-02-25 23:59:59.000 Z
605229,1909,2022-02-14 23:59:59.000 Z
605064,3568,2022-02-09 23:59:59.000 Z
604977,237943,2022-02-16 23:59:59.000 Z
604945,105236,2022-03-01 23:59:59.000 Z
605045,445207,2022-03-31 23:59:59.000 Z
605127,3063,
604950,22391,2022-02-10 23:59:59.000 Z
604943,319228,2022-02-14 23:59:59.000 Z
604947,370480,2022-02-22 23:59:59.000 Z
604941,460099,2022-02-10 23:59:59.000 Z
604944,3338,2022-02-09 23:59:59.000 Z
605537,451615,
605536,451615,
605211,140266,2022-02-14 23:59:59.000 Z
605266,30482,2022-02-14 23:59:59.000 Z
605082,154646,2022-02-28 23:59:59.000 Z
605291,1909,
605070,92005,2022-02-12 23:59:59.000 Z
605209,475257,2022-02-27 23:59:59.000 Z
605074,2550,2022-12-30 23:59:59.000 Z
605294,1909,
605076,6325,2022-02-27 23:59:59.000 Z
604995,1872,2022-02-28 23:59:59.000 Z
605078,1829,2022-02-23 23:59:59.000 Z
605081,57173,2022-03-01 23:59:59.000 Z
605086,95089,2022-02-23 23:59:59.000 Z
605088,2510,2022-02-13 23:59:59.000 Z
605302,1829,2022-02-23 23:59:59.000 Z
605093,424912,2022-02-22 23:59:59.000 Z
605077,113746,2022-02-10 23:59:59.000 Z
605095,141014,
605134,20193,2022-02-13 23:59:59.000 Z
605098,25695,2022-02-16 23:59:59.000 Z
605100,175695,2022-03-31 23:59:59.000 Z
605010,20193,2022-02-09 23:59:59.000 Z
604997,3513,2022-02-22 23:59:59.000 Z
605105,381476,2022-02-15 23:59:59.000 Z
604935,12286,2022-02-28 23:59:59.000 Z
605122,2523,2022-02-13 23:59:59.000 Z
605068,3568,2022-02-09 23:59:59.000 Z
604938,435625,2022-03-17 23:59:59.000 Z
605071,30482,2022-02-12 23:59:59.000 Z
606368,2625,2022-06-30 23:59:59.000 Z
606366,4500,2022-03-31 23:59:59.000 Z
606367,324891,2022-03-04 23:59:59.000 Z
606357,418341,2022-03-08 23:59:59.000 Z
606355,376400,2022-04-18 23:59:59.000 Z
606692,477046,2022-04-23 23:59:59.000 Z
606226,385496,2022-03-02 23:59:59.000 Z
606702,5801,
606246,2407,2022-03-06 23:59:59.000 Z
606362,5729,2022-03-08 23:59:59.000 Z
